payload_offset,section,origin_zero_word,full_word,delta_or_kind,classification
0001,monitor,1F09,9B41,7C38,normal
0024,monitor,11F0,8E28,7C38,normal
002B,monitor,11EA,8E22,7C38,normal
0032,monitor,11E9,8E21,7C38,normal
0039,monitor,11EC,8E24,7C38,normal
0040,monitor,11EB,8E23,7C38,normal
0047,monitor,11EE,8E26,7C38,normal
004E,monitor,11ED,8E25,7C38,normal
0055,monitor,11DC,8E14,7C38,normal
005C,monitor,11DB,8E13,7C38,normal
0063,monitor,11E8,8E20,7C38,normal
006A,monitor,11E7,8E1F,7C38,normal
0071,monitor,11E6,8E1E,7C38,normal
0078,monitor,11E5,8E1D,7C38,normal
007F,monitor,11EF,8E27,7C38,normal
0086,monitor,11EF,8E27,7C38,normal
008D,monitor,11E9,8E21,7C38,normal
0094,monitor,11EB,8E23,7C38,normal
009B,monitor,11ED,8E25,7C38,normal
00A2,monitor,11F1,8E29,7C38,normal
00A9,monitor,11E7,8E1F,7C38,normal
00B0,monitor,11E5,8E1D,7C38,normal
00B7,monitor,11F3,8E2B,7C38,normal
00BE,monitor,11F5,8E2D,7C38,normal
00C5,monitor,11F7,8E2F,7C38,normal
00CC,monitor,11E9,8E21,7C38,normal
00D3,monitor,11EB,8E23,7C38,normal
00DA,monitor,11ED,8E25,7C38,normal
00E1,monitor,11F1,8E29,7C38,normal
00E8,monitor,11E7,8E1F,7C38,normal
00EF,monitor,11E5,8E1D,7C38,normal
01A5,monitor,0E8A,8AC2,7C38,normal
01AF,monitor,2848,A480,7C38,normal
01B6,monitor,1A40,9678,7C38,normal
01B9,monitor,2DE1,AA19,7C38,normal
01BC,monitor,089A,84D2,7C38,normal
01BF,monitor,2D3F,A977,7C38,normal
01C5,monitor,0B33,876B,7C38,normal
01CF,monitor,0A88,86C0,7C38,normal
01DA,monitor,08A9,84E1,7C38,normal
01DF,monitor,2D3F,A977,7C38,normal
01E2,monitor,2FAF,ABE7,7C38,normal
01E5,monitor,2991,A5C9,7C38,normal
01E8,monitor,2C34,A86C,7C38,normal
01EB,monitor,22E0,9F18,7C38,normal
01EE,monitor,251B,A153,7C38,normal
01F1,monitor,22E3,9F1B,7C38,normal
01F4,monitor,1F0F,9B47,7C38,normal
01F7,monitor,2079,9CB1,7C38,normal
01FA,monitor,01B4,7DEC,7C38,normal
01FE,monitor,0FB9,8BF1,7C38,normal
0201,monitor,2848,A480,7C38,normal
0204,monitor,0353,7F8B,7C38,normal
0207,monitor,2838,A470,7C38,normal
020A,monitor,027B,7EB3,7C38,normal
0211,monitor,1F09,9B41,7C38,normal
0216,monitor,0EC3,8AFB,7C38,normal
021B,monitor,1E79,9AB1,7C38,normal
0220,monitor,092A,8562,7C38,normal
0225,monitor,073E,8376,7C38,normal
022A,monitor,1EE3,9B1B,7C38,normal
0230,monitor,024A,7E82,7C38,normal
0233,monitor,02A3,7EDB,7C38,normal
0238,monitor,0E18,8A50,7C38,normal
0243,monitor,06C0,82F8,7C38,normal
0247,monitor,027B,7EB3,7C38,normal
024B,monitor,0303,7F3B,7C38,normal
0253,monitor,027B,7EB3,7C38,normal
0257,monitor,0125,7D5D,7C38,normal
025F,monitor,0E18,8A50,7C38,normal
0268,monitor,0125,7D5D,7C38,normal
0270,monitor,0303,7F3B,7C38,normal
0278,monitor,0E18,8A50,7C38,normal
0284,monitor,0D96,89CE,7C38,normal
0289,monitor,0303,7F3B,7C38,normal
028D,monitor,0E87,8ABF,7C38,normal
0290,monitor,0C4A,8882,7C38,normal
0293,monitor,01A4,7DDC,7C38,normal
0299,monitor,000A,7C42,7C38,normal
02A1,monitor,1086,8CBE,7C38,normal
02F4,monitor,088D,84C5,7C38,normal
02FC,monitor,24AD,A0E5,7C38,normal
02FF,monitor,1C04,983C,7C38,normal
030C,monitor,0331,7F69,7C38,normal
030F,monitor,089A,84D2,7C38,normal
0313,monitor,2D3F,A977,7C38,normal
0317,monitor,031A,7F52,7C38,normal
031D,monitor,251B,A153,7C38,normal
0320,monitor,036D,7FA5,7C38,normal
0323,monitor,22E0,9F18,7C38,normal
0326,monitor,08B5,84ED,7C38,normal
0329,monitor,2D40,A978,7C38,normal
032C,monitor,27EE,A426,7C38,normal
0332,monitor,13DD,9015,7C38,normal
0335,monitor,2D3F,A977,7C38,normal
0338,monitor,27EE,A426,7C38,normal
033D,monitor,2127,9D5F,7C38,normal
0340,monitor,088C,84C4,7C38,normal
0343,monitor,1BEF,9827,7C38,normal
0346,monitor,088C,84C4,7C38,normal
0349,monitor,1B1A,9752,7C38,normal
034C,monitor,1B94,97CC,7C38,normal
034F,monitor,088D,84C5,7C38,normal
0354,monitor,0003,7C3B,7C38,normal
035E,monitor,0353,7F8B,7C38,normal
0361,monitor,22F7,9F2F,7C38,normal
036E,monitor,035D,7F95,7C38,normal
0373,monitor,02F3,7F2B,7C38,normal
0376,monitor,088D,84C5,7C38,normal
0379,monitor,0FBC,8BF4,7C38,normal
037C,monitor,02F6,7F2E,7C38,normal
0381,monitor,0B33,876B,7C38,normal
0384,monitor,1E81,9AB9,7C38,normal
0387,monitor,0A88,86C0,7C38,normal
0398,monitor,0D2E,8966,7C38,normal
039D,monitor,0CD1,8909,7C38,normal
03AB,monitor,0927,855F,7C38,normal
03AE,monitor,0FB9,8BF1,7C38,normal
03BF,monitor,0303,7F3B,7C38,normal
03C3,monitor,03CF,8007,7C38,normal
03C6,monitor,0927,855F,7C38,normal
03C9,monitor,0FB9,8BF1,7C38,normal
03CC,monitor,027B,7EB3,7C38,normal
03DD,monitor,10A6,8CDE,7C38,normal
03E2,monitor,08E8,8520,7C38,normal
03E7,monitor,08DB,8513,7C38,normal
03EC,monitor,0303,7F3B,7C38,normal
03F5,monitor,2D11,A949,7C38,normal
03FC,monitor,2D12,A94A,7C38,normal
0400,monitor,18FF,9537,7C38,normal
040C,monitor,2D1E,A956,7C38,normal
040F,monitor,2D1C,A954,7C38,normal
0412,monitor,18DA,9512,7C38,normal
0417,monitor,041C,8054,7C38,normal
042B,monitor,08E8,8520,7C38,normal
0430,monitor,08DB,8513,7C38,normal
0433,monitor,08F3,852B,7C38,normal
0436,monitor,0303,7F3B,7C38,normal
043A,monitor,041C,8054,7C38,normal
043E,monitor,1DF1,9A29,7C38,normal
0442,monitor,0904,853C,7C38,normal
0445,monitor,0E87,8ABF,7C38,normal
0449,monitor,2D3F,A977,7C38,normal
045A,monitor,2CE8,A920,7C38,normal
045F,monitor,2D3F,A977,7C38,normal
0464,monitor,0D42,897A,7C38,normal
0467,monitor,0E8A,8AC2,7C38,normal
046A,monitor,2D40,A978,7C38,normal
0486,monitor,2D4D,A985,7C38,normal
048A,monitor,0D3C,8974,7C38,normal
048D,monitor,2D4B,A983,7C38,normal
0491,monitor,0D3C,8974,7C38,normal
0494,monitor,2D4F,A987,7C38,normal
0497,monitor,0D3C,8974,7C38,normal
049A,monitor,0E8A,8AC2,7C38,normal
049D,monitor,2848,A480,7C38,normal
04A7,monitor,08F3,852B,7C38,normal
04B0,monitor,11E9,8E21,7C38,normal
04B3,monitor,11DD,8E15,7C38,normal
04C0,monitor,1572,91AA,7C38,normal
04C3,monitor,04E4,811C,7C38,normal
04C6,monitor,04F6,812E,7C38,normal
04C9,monitor,2079,9CB1,7C38,normal
04CC,monitor,08E8,8520,7C38,normal
04D0,monitor,04F7,812F,7C38,normal
04D3,monitor,22E0,9F18,7C38,normal
04D9,monitor,0C4A,8882,7C38,normal
04DC,monitor,0E8A,8AC2,7C38,normal
04E1,monitor,04F8,8130,7C38,normal
04EA,monitor,099D,85D5,7C38,normal
04ED,monitor,03B5,7FED,7C38,normal
04FB,monitor,08B5,84ED,7C38,normal
04FE,monitor,051C,8154,7C38,normal
0503,monitor,04F6,812E,7C38,normal
0506,monitor,2079,9CB1,7C38,normal
050A,monitor,0D2E,8966,7C38,normal
050D,monitor,0511,8149,7C38,normal
0512,monitor,2CE5,A91D,7C38,normal
0515,monitor,2D3F,A977,7C38,normal
051D,monitor,251B,A153,7C38,normal
0520,monitor,2D3F,A977,7C38,normal
0523,monitor,27EE,A426,7C38,normal
052A,monitor,2047,9C7F,7C38,normal
0531,monitor,0553,818B,7C38,normal
0536,monitor,1B75,97AD,7C38,normal
0539,monitor,056B,81A3,7C38,normal
053D,monitor,055A,8192,7C38,normal
0540,monitor,01B4,7DEC,7C38,normal
0543,monitor,22E0,9F18,7C38,normal
0548,monitor,1B71,97A9,7C38,normal
054B,monitor,09EC,8624,7C38,normal
054E,monitor,1BA2,97DA,7C38,normal
0553,monitor,09EC,8624,7C38,normal
0556,monitor,0575,81AD,7C38,normal
0562,monitor,11DB,8E13,7C38,normal
056F,monitor,0303,7F3B,7C38,normal
0576,monitor,0B14,874C,7C38,normal
057F,monitor,0B03,873B,7C38,normal
0582,monitor,09A2,85DA,7C38,normal
0585,monitor,08E8,8520,7C38,normal
058A,monitor,08DB,8513,7C38,normal
058F,monitor,0303,7F3B,7C38,normal
059C,monitor,08F9,8531,7C38,normal
05A8,monitor,2B2C,A764,7C38,normal
05AB,monitor,08E8,8520,7C38,normal
05B0,monitor,08DB,8513,7C38,normal
05B3,monitor,08F3,852B,7C38,normal
05B6,monitor,0303,7F3B,7C38,normal
05CB,monitor,0303,7F3B,7C38,normal
05CF,monitor,0E87,8ABF,7C38,normal
05D3,monitor,2CE5,A91D,7C38,normal
05D7,monitor,2B48,A780,7C38,normal
05E7,monitor,2B49,A781,7C38,normal
05F4,monitor,2B5E,A796,7C38,normal
05F9,monitor,2B72,A7AA,7C38,normal
0606,monitor,062F,8267,7C38,normal
060B,monitor,01A4,7DDC,7C38,normal
0610,monitor,0303,7F3B,7C38,normal
0614,monitor,0E87,8ABF,7C38,normal
0618,monitor,2CE5,A91D,7C38,normal
061C,monitor,0D3E,8976,7C38,normal
0626,monitor,062F,8267,7C38,normal
062B,monitor,01A4,7DDC,7C38,normal
0643,monitor,018D,7DC5,7C38,normal
0647,monitor,0801,8439,7C38,normal
0654,monitor,0E18,8A50,7C38,normal
0659,monitor,0303,7F3B,7C38,normal
0668,monitor,1373,8FAB,7C38,normal
066D,monitor,070E,8346,7C38,normal
0672,monitor,0303,7F3B,7C38,normal
067E,monitor,1373,8FAB,7C38,normal
068B,monitor,027B,7EB3,7C38,normal
0690,monitor,070E,8346,7C38,normal
06A0,monitor,0252,7E8A,7C38,normal
06B3,monitor,0E18,8A50,7C38,normal
06CA,monitor,0704,833C,7C38,normal
06CD,monitor,0E18,8A50,7C38,normal
06D5,monitor,07FB,8433,7C38,normal
06E3,monitor,0E18,8A50,7C38,normal
06E8,monitor,08E8,8520,7C38,normal
0704,monitor,00F2,7D2A,7C38,normal
0706,monitor,010C,7D44,7C38,normal
0708,monitor,013F,7D77,7C38,normal
070A,monitor,0159,7D91,7C38,normal
070C,monitor,0173,7DAB,7C38,normal
072A,monitor,0E18,8A50,7C38,normal
073A,monitor,035D,7F95,7C38,normal
073F,monitor,089A,84D2,7C38,normal
0745,monitor,2D3F,A977,7C38,normal
0748,monitor,0739,8371,7C38,normal
074B,monitor,22E0,9F18,7C38,normal
074F,monitor,0752,838A,7C38,normal
0755,monitor,251B,A153,7C38,normal
0758,monitor,08B5,84ED,7C38,normal
075E,monitor,001F,7C57,7C38,normal
0761,monitor,2D40,A978,7C38,normal
0764,monitor,27EE,A426,7C38,normal
076E,monitor,2FF4,AC2C,7C38,normal
0771,monitor,2509,A141,7C38,normal
077C,monitor,27EE,A426,7C38,normal
0786,monitor,27EE,A426,7C38,normal
0794,monitor,22C1,9EF9,7C38,normal
0797,monitor,27EE,A426,7C38,normal
079D,monitor,07AB,83E3,7C38,normal
07B4,monitor,11EF,8E27,7C38,normal
07C6,monitor,13E0,9018,7C38,normal
07E7,monitor,1210,8E48,7C38,normal
0806,monitor,081E,8456,7C38,normal
0809,monitor,082D,8465,7C38,normal
080C,monitor,0848,8480,7C38,normal
0810,monitor,085D,8495,7C38,normal
0813,monitor,0E87,8ABF,7C38,normal
0819,monitor,2CE5,A91D,7C38,normal
081C,monitor,07E3,841B,7C38,normal
0822,monitor,07E3,841B,7C38,normal
0825,monitor,0E8A,8AC2,7C38,normal
082A,monitor,2CE5,A91D,7C38,normal
0838,monitor,2CE7,A91F,7C38,normal
0846,monitor,0862,849A,7C38,normal
084A,monitor,0862,849A,7C38,normal
084D,monitor,0E8A,8AC2,7C38,normal
0853,monitor,2848,A480,7C38,normal
0860,monitor,01B4,7DEC,7C38,normal
086A,monitor,0D3E,8976,7C38,normal
086E,monitor,0D54,898C,7C38,normal
0881,monitor,2356,9F8E,7C38,normal
0888,monitor,2514,A14C,7C38,normal
0890,monitor,1B94,97CC,7C38,normal
0893,monitor,1B75,97AD,7C38,normal
0897,monitor,2D62,A99A,7C38,normal
089B,monitor,2D3E,A976,7C38,normal
08A7,monitor,2521,A159,7C38,normal
08AA,monitor,1210,8E48,7C38,normal
08AD,monitor,2991,A5C9,7C38,normal
08B0,monitor,0353,7F8B,7C38,normal
08B3,monitor,2807,A43F,7C38,normal
08B6,monitor,08A9,84E1,7C38,normal
08B9,monitor,2879,A4B1,7C38,normal
08C2,monitor,01B4,7DEC,7C38,normal
08C9,monitor,207C,9CB4,7C38,normal
08D1,monitor,207B,9CB3,7C38,normal
08D6,monitor,0353,7F8B,7C38,normal
08D9,monitor,2838,A470,7C38,normal
08DC,monitor,0303,7F3B,7C38,normal
08E1,monitor,0303,7F3B,7C38,normal
08E9,monitor,0303,7F3B,7C38,normal
08EE,monitor,0303,7F3B,7C38,normal
08FB,monitor,0E1D,8A55,7C38,normal
08FE,monitor,0918,8550,7C38,normal
0901,monitor,22E3,9F1B,7C38,normal
0907,monitor,089A,84D2,7C38,normal
090A,monitor,2D3F,A977,7C38,normal
0911,monitor,08A9,84E1,7C38,normal
0916,monitor,11DB,8E13,7C38,normal
0919,monitor,0FB9,8BF1,7C38,normal
091C,monitor,2953,A58B,7C38,normal
091F,monitor,2879,A4B1,7C38,normal
0922,monitor,03B5,7FED,7C38,normal
0925,monitor,01B4,7DEC,7C38,normal
0928,monitor,027B,7EB3,7C38,normal
092C,monitor,0D96,89CE,7C38,normal
0930,monitor,01B4,7DEC,7C38,normal
0933,monitor,0A0B,8643,7C38,normal
0936,monitor,09E8,8620,7C38,normal
093A,monitor,0C33,886B,7C38,normal
093E,monitor,11DB,8E13,7C38,normal
0941,monitor,0914,854C,7C38,normal
0944,monitor,0B22,875A,7C38,normal
094A,monitor,0AF4,872C,7C38,normal
094E,monitor,12A6,8EDE,7C38,normal
0951,monitor,0BD2,880A,7C38,normal
0956,monitor,0A4B,8683,7C38,normal
0959,monitor,0E18,8A50,7C38,normal
095D,monitor,0A53,868B,7C38,normal
0960,monitor,0E18,8A50,7C38,normal
0963,monitor,0A4A,8682,7C38,normal
0966,monitor,0A08,8640,7C38,normal
0969,monitor,0C93,88CB,7C38,normal
096C,monitor,09E8,8620,7C38,normal
0970,monitor,0990,85C8,7C38,normal
0973,monitor,09E5,861D,7C38,normal
0976,monitor,09A2,85DA,7C38,normal
097F,monitor,0173,7DAB,7C38,normal
0982,monitor,0B33,876B,7C38,normal
0986,monitor,0E60,8A98,7C38,normal
098B,monitor,0906,853E,7C38,normal
0990,monitor,0A4A,8682,7C38,normal
0994,monitor,027B,7EB3,7C38,normal
0997,monitor,11F3,8E2B,7C38,normal
099B,monitor,11F3,8E2B,7C38,normal
09A5,monitor,0561,8199,7C38,normal
09A9,monitor,0A21,8659,7C38,normal
09AC,monitor,11DB,8E13,7C38,normal
09C5,monitor,11F1,8E29,7C38,normal
09C8,monitor,2D61,A999,7C38,normal
09CC,monitor,11F1,8E29,7C38,normal
09CF,monitor,2D61,A999,7C38,normal
09DD,monitor,11F1,8E29,7C38,normal
09EF,monitor,11F1,8E29,7C38,normal
09F2,monitor,2D61,A999,7C38,normal
0A00,monitor,11F1,8E29,7C38,normal
0A26,monitor,0561,8199,7C38,normal
0A29,monitor,2D5D,A995,7C38,normal
0A34,monitor,10A6,8CDE,7C38,normal
0A38,monitor,11F1,8E29,7C38,normal
0A3C,monitor,0A0B,8643,7C38,normal
0A43,monitor,11F1,8E29,7C38,normal
0A48,monitor,11F1,8E29,7C38,normal
0A54,monitor,2D63,A99B,7C38,normal
0A5A,monitor,0A0B,8643,7C38,normal
0A6E,monitor,2D63,A99B,7C38,normal
0A72,monitor,0A85,86BD,7C38,normal
0A75,monitor,018D,7DC5,7C38,normal
0A8C,monitor,0A08,8640,7C38,normal
0A90,monitor,0A37,866F,7C38,normal
0A93,monitor,2D63,A99B,7C38,normal
0A96,monitor,2D68,A9A0,7C38,normal
0A9A,monitor,2D63,A99B,7C38,normal
0A9E,monitor,11F1,8E29,7C38,normal
0AA4,monitor,2D62,A99A,7C38,normal
0AB1,monitor,0B0E,8746,7C38,normal
0AB6,monitor,0A42,867A,7C38,normal
0ABB,monitor,2D62,A99A,7C38,normal
0ACB,monitor,0B03,873B,7C38,normal
0AD0,monitor,11ED,8E25,7C38,normal
0AD5,monitor,11E7,8E1F,7C38,normal
0ADA,monitor,11E5,8E1D,7C38,normal
0ADE,monitor,2D63,A99B,7C38,normal
0AE2,monitor,2D62,A99A,7C38,normal
0AE5,monitor,0A0B,8643,7C38,normal
0AE9,monitor,0A42,867A,7C38,normal
0AEC,monitor,11F1,8E29,7C38,normal
0AF5,monitor,0A0B,8643,7C38,normal
0AFD,monitor,0B14,874C,7C38,normal
0B04,monitor,09ED,8625,7C38,normal
0B07,monitor,0B0C,8744,7C38,normal
0B0A,monitor,09CA,8602,7C38,normal
0B15,monitor,2D61,A999,7C38,normal
0B18,monitor,10A6,8CDE,7C38,normal
0B29,monitor,10A6,8CDE,7C38,normal
0B30,monitor,0906,853E,7C38,normal
0B41,monitor,11E9,8E21,7C38,normal
0B45,monitor,11EB,8E23,7C38,normal
0B48,monitor,11ED,8E25,7C38,normal
0B6F,monitor,1D7A,99B2,7C38,normal
0B77,monitor,0A08,8640,7C38,normal
0B7A,monitor,0159,7D91,7C38,normal
0B7F,monitor,0E28,8A60,7C38,normal
0B82,monitor,0904,853C,7C38,normal
0B85,monitor,013F,7D77,7C38,normal
0B8A,monitor,0E28,8A60,7C38,normal
0B8D,monitor,0904,853C,7C38,normal
0B93,monitor,11F9,8E31,7C38,normal
0B97,monitor,0BD2,880A,7C38,normal
0B9A,monitor,013F,7D77,7C38,normal
0B9D,monitor,0BA9,87E1,7C38,normal
0BA0,monitor,124B,8E83,7C38,normal
0BA4,monitor,0BD2,880A,7C38,normal
0BA7,monitor,0159,7D91,7C38,normal
0BAD,monitor,0C03,883B,7C38,normal
0BB0,monitor,0E18,8A50,7C38,normal
0BB4,monitor,0C0B,8843,7C38,normal
0BB7,monitor,0E18,8A50,7C38,normal
0BBA,monitor,0C93,88CB,7C38,normal
0BC2,monitor,0E60,8A98,7C38,normal
0BC6,monitor,0904,853C,7C38,normal
0BCC,monitor,0E60,8A98,7C38,normal
0BCF,monitor,0904,853C,7C38,normal
0BF4,monitor,0C03,883B,7C38,normal
0BF7,monitor,0E18,8A50,7C38,normal
0BFB,monitor,0C0B,8843,7C38,normal
0BFE,monitor,0E18,8A50,7C38,normal
0C01,monitor,0C93,88CB,7C38,normal
0C0C,monitor,11E9,8E21,7C38,normal
0C10,monitor,11EB,8E23,7C38,normal
0C14,monitor,11ED,8E25,7C38,normal
0C18,monitor,11E7,8E1F,7C38,normal
0C1D,monitor,11E5,8E1D,7C38,normal
0C29,monitor,11F1,8E29,7C38,normal
0C2D,monitor,11F1,8E29,7C38,normal
0C3F,monitor,0CCA,8902,7C38,normal
0C53,monitor,2CE5,A91D,7C38,normal
0C5B,monitor,0C4B,8883,7C38,normal
0C5F,monitor,0CCA,8902,7C38,normal
0C63,monitor,00F2,7D2A,7C38,normal
0C66,monitor,0E60,8A98,7C38,normal
0C6B,monitor,010C,7D44,7C38,normal
0C6E,monitor,0E60,8A98,7C38,normal
0C74,monitor,0D96,89CE,7C38,normal
0C7C,monitor,2D63,A99B,7C38,normal
0C8B,monitor,0C94,88CC,7C38,normal
0C90,monitor,0CA9,88E1,7C38,normal
0CAA,monitor,0C9C,88D4,7C38,normal
0CAF,monitor,0C9C,88D4,7C38,normal
0CB6,monitor,0D42,897A,7C38,normal
0CD6,monitor,0D54,898C,7C38,normal
0CDB,monitor,0D47,897F,7C38,normal
0CE4,monitor,0D54,898C,7C38,normal
0CEB,monitor,0D47,897F,7C38,normal
0CF1,monitor,0D49,8981,7C38,normal
0CF6,monitor,0CCA,8902,7C38,normal
0D00,monitor,0D42,897A,7C38,normal
0D08,monitor,2D61,A999,7C38,normal
0D0B,monitor,2375,9FAD,7C38,normal
0D0F,monitor,2CE5,A91D,7C38,normal
0D13,monitor,0CCA,8902,7C38,normal
0D16,monitor,0CD1,8909,7C38,normal
0D1C,monitor,0D54,898C,7C38,normal
0D21,monitor,2356,9F8E,7C38,normal
0D29,monitor,2514,A14C,7C38,normal
0D34,monitor,0D3E,8976,7C38,normal
0D45,monitor,2B48,A780,7C38,normal
0D5A,monitor,2A17,A64F,7C38,normal
0D64,monitor,0D81,89B9,7C38,normal
0DF3,monitor,0C4B,8883,7C38,normal
0DF7,monitor,255C,A194,7C38,normal
0DFF,monitor,0A08,8640,7C38,normal
0E03,monitor,0A09,8641,7C38,normal
0E11,monitor,1C3A,9872,7C38,normal
0E14,monitor,0E18,8A50,7C38,normal
0E1F,monitor,0E5D,8A95,7C38,normal
0E24,monitor,015A,7D92,7C38,normal
0E2A,monitor,0E5D,8A95,7C38,normal
0E32,monitor,2A5A,A692,7C38,normal
0E36,monitor,1B72,97AA,7C38,normal
0E62,monitor,0E84,8ABC,7C38,normal
0E6A,monitor,2A5A,A692,7C38,normal
0E6E,monitor,1B72,97AA,7C38,normal
0E88,monitor,0C4F,8887,7C38,normal
0E8C,monitor,000A,7C42,7C38,normal
0E93,monitor,000E,7C46,7C38,normal
0E98,monitor,01B4,7DEC,7C38,normal
0EA1,monitor,11D4,8E0C,7C38,normal
0EA4,monitor,1EC3,9AFB,7C38,normal
0EAA,monitor,29C8,A600,7C38,normal
0EB1,monitor,2CE4,A91C,7C38,normal
0EB4,monitor,27ED,A425,7C38,normal
0EBD,monitor,29A9,A5E1,7C38,normal
0ED4,monitor,0FC4,8BFC,7C38,normal
0EFE,monitor,0003,7C3B,7C38,normal
0F06,monitor,29BC,A5F4,7C38,normal
0F09,monitor,0FF1,8C29,7C38,normal
0F0E,monitor,29BC,A5F4,7C38,normal
0F11,monitor,2848,A480,7C38,normal
0F18,monitor,0EC3,8AFB,7C38,normal
0F35,monitor,0EFA,8B32,7C38,normal
0F4F,monitor,11D4,8E0C,7C38,normal
0F5C,monitor,11C8,8E00,7C38,normal
0F63,monitor,11C8,8E00,7C38,normal
0F90,monitor,0FA7,8BDF,7C38,normal
0FBA,monitor,027B,7EB3,7C38,normal
0FBE,monitor,0011,7C49,7C38,normal
0FC6,monitor,0003,7C3B,7C38,normal
0FCB,monitor,10B9,8CF1,7C38,normal
0FCF,monitor,0FEB,8C23,7C38,normal
0FDD,monitor,29A9,A5E1,7C38,normal
0FE2,monitor,119D,8DD5,7C38,normal
0FE7,monitor,29A7,A5DF,7C38,normal
0FF3,monitor,1135,8D6D,7C38,normal
0FF6,monitor,10CA,8D02,7C38,normal
1017,monitor,11AF,8DE7,7C38,normal
101C,monitor,29A9,A5E1,7C38,normal
1025,monitor,29C8,A600,7C38,normal
1028,monitor,112C,8D64,7C38,normal
1040,monitor,10DC,8D14,7C38,normal
1054,monitor,1141,8D79,7C38,normal
1061,monitor,1134,8D6C,7C38,normal
1076,monitor,11D4,8E0C,7C38,normal
1079,monitor,29C8,A600,7C38,normal
107D,monitor,1135,8D6D,7C38,normal
1087,monitor,10CA,8D02,7C38,normal
109D,monitor,29A7,A5DF,7C38,normal
10AA,monitor,2EB6,AAEE,7C38,normal
10AD,monitor,11B2,8DEA,7C38,normal
10B6,monitor,0C59,8891,7C38,normal
10BF,monitor,0C4A,8882,7C38,normal
10C2,monitor,0EAD,8AE5,7C38,normal
10D1,monitor,29C8,A600,7C38,normal
10E6,monitor,10CA,8D02,7C38,normal
10EA,monitor,1120,8D58,7C38,normal
10EF,monitor,10D4,8D0C,7C38,normal
10F2,monitor,11B5,8DED,7C38,normal
10F6,monitor,11D4,8E0C,7C38,normal
10F9,monitor,29C8,A600,7C38,normal
10FD,monitor,1176,8DAE,7C38,normal
1102,monitor,29A5,A5DD,7C38,normal
1113,monitor,29A5,A5DD,7C38,normal
1119,monitor,11AF,8DE7,7C38,normal
1138,monitor,29A5,A5DD,7C38,normal
113D,monitor,1135,8D6D,7C38,normal
1142,monitor,11A6,8DDE,7C38,normal
1145,monitor,2B72,A7AA,7C38,normal
114A,monitor,11A8,8DE0,7C38,normal
114D,monitor,2B66,A79E,7C38,normal
1152,monitor,11A6,8DDE,7C38,normal
115B,monitor,2B5E,A796,7C38,normal
1160,monitor,11A8,8DE0,7C38,normal
1163,monitor,2B4D,A785,7C38,normal
1166,monitor,2D07,A93F,7C38,normal
116C,monitor,29A9,A5E1,7C38,normal
1173,monitor,1176,8DAE,7C38,normal
117F,monitor,29A9,A5E1,7C38,normal
1186,monitor,118E,8DC6,7C38,normal
118B,monitor,1135,8D6D,7C38,normal
119B,monitor,29A9,A5E1,7C38,normal
11A0,monitor,2B42,A77A,7C38,normal
11AA,monitor,2D07,A93F,7C38,normal
11B0,monitor,2FF4,AC2C,7C38,normal
11B3,monitor,2509,A141,7C38,normal
11B9,monitor,296E,A5A6,7C38,normal
11C0,monitor,29A7,A5DF,7C38,normal
1389,assembler,1F09,9B41,7C38,normal
138B,assembler,1A9F,96D7,7C38,normal
138D,assembler,1E86,9ABE,7C38,normal
138F,assembler,2C7F,A8B7,7C38,normal
1391,assembler,1583,91BB,7C38,normal
1393,assembler,13C6,8FFE,7C38,normal
1395,assembler,14E1,9119,7C38,normal
1397,assembler,19BB,95F3,7C38,normal
1399,assembler,1E79,9AB1,7C38,normal
139B,assembler,19BB,95F3,7C38,normal
139D,assembler,19BB,95F3,7C38,normal
139F,assembler,13BF,8FF7,7C38,normal
13A1,assembler,1956,958E,7C38,normal
13A3,assembler,1E07,9A3F,7C38,normal
13A9,assembler,1559,9191,7C38,normal
13AB,assembler,1E15,9A4D,7C38,normal
13AD,assembler,1EF0,9B28,7C38,normal
13AF,assembler,1847,947F,7C38,normal
13B1,assembler,16E8,9320,7C38,normal
13B3,assembler,13D6,900E,7C38,normal
13B5,assembler,191F,9557,7C38,normal
13B7,assembler,1E7E,9AB6,7C38,normal
13B9,assembler,1716,934E,7C38,normal
13BB,assembler,1716,934E,7C38,normal
13BD,assembler,1471,90A9,7C38,normal
13C0,assembler,3E68,BAA0,7C38,normal
13C3,assembler,24AD,A0E5,7C38,normal
13C7,assembler,13CE,9006,7C38,normal
13CA,assembler,2475,A0AD,7C38,normal
13CF,assembler,2A17,A64F,7C38,normal
13D7,assembler,13DD,9015,7C38,normal
13DA,assembler,1B86,97BE,7C38,normal
13DE,assembler,2D40,A978,7C38,normal
13E1,assembler,2D11,A949,7C38,normal
13E7,assembler,27B7,A3EF,7C38,normal
13F1,assembler,2CE5,A91D,7C38,normal
13F6,assembler,26D2,A30A,7C38,normal
13F9,assembler,22C9,9F01,7C38,normal
1400,assembler,1449,9081,7C38,normal
1407,assembler,26D2,A30A,7C38,normal
140C,assembler,1B94,97CC,7C38,normal
1411,assembler,296E,A5A6,7C38,normal
141B,assembler,29EA,A622,7C38,normal
1420,assembler,22DA,9F12,7C38,normal
1426,assembler,2356,9F8E,7C38,normal
142E,assembler,22DA,9F12,7C38,normal
1437,assembler,2D07,A93F,7C38,normal
143E,assembler,26D2,A30A,7C38,normal
1443,assembler,2659,A291,7C38,normal
144B,assembler,1D90,99C8,7C38,normal
1453,assembler,1D4F,9987,7C38,normal
145C,assembler,2BCA,A802,7C38,normal
145F,assembler,3E68,BAA0,7C38,normal
1462,assembler,2C6F,A8A7,7C38,normal
146B,assembler,2CAC,A8E4,7C38,normal
1474,assembler,1E6C,9AA4,7C38,normal
1477,assembler,15E9,9221,7C38,normal
147A,assembler,1544,917C,7C38,normal
147E,assembler,24AD,A0E5,7C38,normal
1482,assembler,151E,9156,7C38,normal
1485,assembler,2375,9FAD,7C38,normal
1488,assembler,2CE5,A91D,7C38,normal
148B,assembler,2D3F,A977,7C38,normal
1497,assembler,15B9,91F1,7C38,normal
149D,assembler,15E8,9220,7C38,normal
14A3,assembler,1EDB,9B13,7C38,normal
14A9,assembler,15CD,9205,7C38,normal
14AD,assembler,27EE,A426,7C38,normal
14B6,assembler,27EE,A426,7C38,normal
14BD,assembler,1EDB,9B13,7C38,normal
14C4,assembler,205F,9C97,7C38,normal
14CD,assembler,14D5,910D,7C38,normal
14D0,assembler,2079,9CB1,7C38,normal
14D3,assembler,201D,9C55,7C38,normal
14D6,assembler,1F0F,9B47,7C38,normal
14D9,assembler,2079,9CB1,7C38,normal
14DC,assembler,1514,914C,7C38,normal
14DF,assembler,2074,9CAC,7C38,normal
14E2,assembler,24AD,A0E5,7C38,normal
14E5,assembler,151E,9156,7C38,normal
14EA,assembler,1E6C,9AA4,7C38,normal
14F0,assembler,3E66,BA9E,7C38,normal
14F4,assembler,151E,9156,7C38,normal
14F7,assembler,152E,9166,7C38,normal
14FA,assembler,1E6F,9AA7,7C38,normal
1501,assembler,1E73,9AAB,7C38,normal
150C,assembler,1E73,9AAB,7C38,normal
150F,assembler,15CE,9206,7C38,normal
1512,assembler,1544,917C,7C38,normal
1515,assembler,2C32,A86A,7C38,normal
1518,assembler,15AC,91E4,7C38,normal
151B,assembler,153B,9173,7C38,normal
151E,assembler,3E68,BAA0,7C38,normal
1521,assembler,2488,A0C0,7C38,normal
1524,assembler,151E,9156,7C38,normal
1527,assembler,2C6F,A8A7,7C38,normal
1533,assembler,2335,9F6D,7C38,normal
1538,assembler,2375,9FAD,7C38,normal
153B,assembler,15AC,91E4,7C38,normal
153E,assembler,151E,9156,7C38,normal
1548,assembler,27EE,A426,7C38,normal
155A,assembler,1E6A,9AA2,7C38,normal
1562,assembler,152E,9166,7C38,normal
1565,assembler,3E66,BA9E,7C38,normal
1568,assembler,151E,9156,7C38,normal
156B,assembler,156F,91A7,7C38,normal
1570,assembler,1DFC,9A34,7C38,normal
157C,assembler,24E3,A11B,7C38,normal
1584,assembler,2327,9F5F,7C38,normal
1592,assembler,2488,A0C0,7C38,normal
1597,assembler,2327,9F5F,7C38,normal
159A,assembler,145A,9092,7C38,normal
159D,assembler,2C6F,A8A7,7C38,normal
15A0,assembler,2475,A0AD,7C38,normal
15A3,assembler,2328,9F60,7C38,normal
15A6,assembler,232B,9F63,7C38,normal
15A9,assembler,24AD,A0E5,7C38,normal
15AD,assembler,2CE5,A91D,7C38,normal
15B1,assembler,15B9,91F1,7C38,normal
15BA,assembler,15CD,9205,7C38,normal
1603,assembler,1612,924A,7C38,normal
160C,assembler,1F06,9B3E,7C38,normal
1617,assembler,29C8,A600,7C38,normal
1623,assembler,2A17,A64F,7C38,normal
163F,assembler,22DA,9F12,7C38,normal
164A,assembler,2CE5,A91D,7C38,normal
1659,assembler,2514,A14C,7C38,normal
1668,assembler,2521,A159,7C38,normal
1674,assembler,2B48,A780,7C38,normal
1677,assembler,2CE5,A91D,7C38,normal
167A,assembler,2C5B,A893,7C38,normal
1680,assembler,156F,91A7,7C38,normal
168B,assembler,1607,923F,7C38,normal
1691,assembler,1E73,9AAB,7C38,normal
1699,assembler,167D,92B5,7C38,normal
169E,assembler,2C34,A86C,7C38,normal
16B5,assembler,2A17,A64F,7C38,normal
16BE,assembler,161C,9254,7C38,normal
16C9,assembler,2830,A468,7C38,normal
16D5,assembler,1602,923A,7C38,normal
16DA,assembler,1602,923A,7C38,normal
16DE,assembler,2879,A4B1,7C38,normal
16E3,assembler,1F09,9B41,7C38,normal
16EB,assembler,1E6C,9AA4,7C38,normal
16F2,assembler,1E73,9AAB,7C38,normal
16FB,assembler,1E73,9AAB,7C38,normal
1703,assembler,1711,9349,7C38,normal
1706,assembler,2A17,A64F,7C38,normal
1719,assembler,1E6C,9AA4,7C38,normal
171D,assembler,3E68,BAA0,7C38,normal
1720,assembler,2328,9F60,7C38,normal
1723,assembler,13CE,9006,7C38,normal
1726,assembler,232B,9F63,7C38,normal
1729,assembler,1583,91BB,7C38,normal
172C,assembler,2C32,A86A,7C38,normal
1731,assembler,1701,9339,7C38,normal
1734,assembler,3E68,BAA0,7C38,normal
1737,assembler,1829,9461,7C38,normal
1743,assembler,2A17,A64F,7C38,normal
174C,assembler,1838,9470,7C38,normal
1751,assembler,2A17,A64F,7C38,normal
175B,assembler,177A,93B2,7C38,normal
1765,assembler,1701,9339,7C38,normal
1769,assembler,1815,944D,7C38,normal
177F,assembler,17D0,9408,7C38,normal
178B,assembler,2B21,A759,7C38,normal
1793,assembler,2A5A,A692,7C38,normal
1796,assembler,2C11,A849,7C38,normal
179F,assembler,2B21,A759,7C38,normal
17A5,assembler,177A,93B2,7C38,normal
17A8,assembler,2C11,A849,7C38,normal
17AB,assembler,2A5A,A692,7C38,normal
17AE,assembler,2C11,A849,7C38,normal
17BD,assembler,2A17,A64F,7C38,normal
17C2,assembler,2C11,A849,7C38,normal
17CD,assembler,181B,9453,7C38,normal
17DB,assembler,2C11,A849,7C38,normal
17E2,assembler,1815,944D,7C38,normal
17E6,assembler,2A17,A64F,7C38,normal
17F0,assembler,3E68,BAA0,7C38,normal
17F3,assembler,1829,9461,7C38,normal
1806,assembler,1838,9470,7C38,normal
1819,assembler,175E,9396,7C38,normal
182A,assembler,2C6F,A8A7,7C38,normal
1850,assembler,1E6A,9AA2,7C38,normal
1859,assembler,1E6F,9AA7,7C38,normal
185E,assembler,18FC,9534,7C38,normal
1861,assembler,1915,954D,7C38,normal
186F,assembler,2A17,A64F,7C38,normal
1876,assembler,3E68,BAA0,7C38,normal
187B,assembler,2327,9F5F,7C38,normal
187F,assembler,2488,A0C0,7C38,normal
1884,assembler,192B,9563,7C38,normal
188B,assembler,192E,9566,7C38,normal
1891,assembler,2A5A,A692,7C38,normal
1895,assembler,2A17,A64F,7C38,normal
189C,assembler,18C1,94F9,7C38,normal
18A0,assembler,18C6,94FE,7C38,normal
18B0,assembler,2C34,A86C,7C38,normal
18B5,assembler,18DA,9512,7C38,normal
18D8,assembler,1DFC,9A34,7C38,normal
18F9,assembler,1E6C,9AA4,7C38,normal
18FD,assembler,1915,954D,7C38,normal
1902,assembler,27EE,A426,7C38,normal
1920,assembler,1E1C,9A54,7C38,normal
1923,assembler,1E5A,9A92,7C38,normal
1931,assembler,194A,9582,7C38,normal
1935,assembler,18C1,94F9,7C38,normal
1939,assembler,18C6,94FE,7C38,normal
1946,assembler,1DFC,9A34,7C38,normal
194B,assembler,1DF1,9A29,7C38,normal
1951,assembler,2C34,A86C,7C38,normal
1954,assembler,22E2,9F1A,7C38,normal
1957,assembler,2C28,A860,7C38,normal
195A,assembler,19A0,95D8,7C38,normal
195D,assembler,2079,9CB1,7C38,normal
1967,assembler,2488,A0C0,7C38,normal
196A,assembler,1960,9598,7C38,normal
197B,assembler,1A0A,9642,7C38,normal
197E,assembler,2375,9FAD,7C38,normal
1983,assembler,2A17,A64F,7C38,normal
1986,assembler,1A0A,9642,7C38,normal
1989,assembler,1F3F,9B77,7C38,normal
1990,assembler,2CE5,A91D,7C38,normal
1993,assembler,2D3F,A977,7C38,normal
199B,assembler,251B,A153,7C38,normal
199E,assembler,201D,9C55,7C38,normal
19A1,assembler,24A2,A0DA,7C38,normal
19A5,assembler,1960,9598,7C38,normal
19A8,assembler,2A5A,A692,7C38,normal
19B2,assembler,22DA,9F12,7C38,normal
19B5,assembler,1F0F,9B47,7C38,normal
19B8,assembler,2079,9CB1,7C38,normal
19BC,assembler,2C28,A860,7C38,normal
19BF,assembler,19F9,9631,7C38,normal
19C2,assembler,2079,9CB1,7C38,normal
19C7,assembler,2D3F,A977,7C38,normal
19CA,assembler,1960,9598,7C38,normal
19E6,assembler,1960,9598,7C38,normal
19F4,assembler,251B,A153,7C38,normal
19F7,assembler,201D,9C55,7C38,normal
19FA,assembler,24A2,A0DA,7C38,normal
19FD,assembler,1960,9598,7C38,normal
1A01,assembler,1B86,97BE,7C38,normal
1A0B,assembler,2356,9F8E,7C38,normal
1A0E,assembler,2357,9F8F,7C38,normal
1A12,assembler,1E1C,9A54,7C38,normal
1A15,assembler,1E4D,9A85,7C38,normal
1A1F,assembler,22A8,9EE0,7C38,normal
1A23,assembler,1B86,97BE,7C38,normal
1A2A,assembler,1960,9598,7C38,normal
1A32,assembler,196E,95A6,7C38,normal
1A37,assembler,1978,95B0,7C38,normal
1A3E,assembler,194A,9582,7C38,normal
1A46,assembler,1E6A,9AA2,7C38,normal
1A4E,assembler,1A7F,96B7,7C38,normal
1A53,assembler,1701,9339,7C38,normal
1A58,assembler,1A91,96C9,7C38,normal
1A5B,assembler,1BEF,9827,7C38,normal
1A5E,assembler,1A89,96C1,7C38,normal
1A61,assembler,2A5A,A692,7C38,normal
1A65,assembler,1B94,97CC,7C38,normal
1A68,assembler,1B75,97AD,7C38,normal
1A6B,assembler,3E68,BAA0,7C38,normal
1A6E,assembler,2C6F,A8A7,7C38,normal
1A73,assembler,1C04,983C,7C38,normal
1A77,assembler,2488,A0C0,7C38,normal
1A7A,assembler,1A8C,96C4,7C38,normal
1A84,assembler,2335,9F6D,7C38,normal
1A89,assembler,1BEF,9827,7C38,normal
1A94,assembler,1A91,96C9,7C38,normal
1A97,assembler,1B1A,9752,7C38,normal
1A9A,assembler,1A89,96C1,7C38,normal
1AA0,assembler,1A45,967D,7C38,normal
1AA5,assembler,1F1A,9B52,7C38,normal
1AAB,assembler,1C42,987A,7C38,normal
1AB3,assembler,1CD8,9910,7C38,normal
1AB6,assembler,1F04,9B3C,7C38,normal
1AB9,assembler,1EF9,9B31,7C38,normal
1AC1,assembler,1C65,989D,7C38,normal
1AC7,assembler,1CD8,9910,7C38,normal
1ACA,assembler,1C6C,98A4,7C38,normal
1AD0,assembler,1CD8,9910,7C38,normal
1AD3,assembler,1B6A,97A2,7C38,normal
1AD6,assembler,1B6A,97A2,7C38,normal
1AE0,assembler,1AF3,972B,7C38,normal
1AE5,assembler,1B71,97A9,7C38,normal
1AF4,assembler,234A,9F82,7C38,normal
1B02,assembler,234A,9F82,7C38,normal
1B0B,assembler,1C8C,98C4,7C38,normal
1B0E,assembler,1CD8,9910,7C38,normal
1B11,assembler,1BA2,97DA,7C38,normal
1B14,assembler,1BA2,97DA,7C38,normal
1B2C,assembler,1B39,9771,7C38,normal
1B2F,assembler,1B75,97AD,7C38,normal
1B3E,assembler,1B71,97A9,7C38,normal
1B45,assembler,1B71,97A9,7C38,normal
1B4C,assembler,1B71,97A9,7C38,normal
1B53,assembler,1B71,97A9,7C38,normal
1B59,assembler,1B71,97A9,7C38,normal
1B5C,assembler,1C42,987A,7C38,normal
1B65,assembler,1CD8,9910,7C38,normal
1B72,assembler,0000,7918,override,driver-base override
1B7F,assembler,2A5A,A692,7C38,normal
1B91,assembler,1B75,97AD,7C38,normal
1B98,assembler,1B94,97CC,7C38,normal
1BA4,assembler,1B71,97A9,7C38,normal
1BAD,assembler,1B94,97CC,7C38,normal
1BD6,assembler,1BCE,9806,7C38,normal
1BDB,assembler,1CD8,9910,7C38,normal
1BE9,assembler,1B75,97AD,7C38,normal
1BF6,assembler,2353,9F8B,7C38,normal
1BFA,assembler,1C5B,9893,7C38,normal
1C07,assembler,24AD,A0E5,7C38,normal
1C0A,assembler,22DA,9F12,7C38,normal
1C0F,assembler,1B94,97CC,7C38,normal
1C28,assembler,1C3A,9872,7C38,normal
1C50,assembler,1C42,987A,7C38,normal
1C58,assembler,1CD8,9910,7C38,normal
1C66,assembler,1CD8,9910,7C38,normal
1C6A,assembler,1B94,97CC,7C38,normal
1C6E,assembler,1B75,97AD,7C38,normal
1C77,assembler,1CB0,98E8,7C38,normal
1C82,assembler,1AF3,972B,7C38,normal
1C8D,assembler,1CD8,9910,7C38,normal
1C91,assembler,1B94,97CC,7C38,normal
1C94,assembler,2BC0,A7F8,7C38,normal
1C97,assembler,1B75,97AD,7C38,normal
1C9A,assembler,2BC0,A7F8,7C38,normal
1CA3,assembler,1CB0,98E8,7C38,normal
1CAB,assembler,1B94,97CC,7C38,normal
1CAE,assembler,2BC0,A7F8,7C38,normal
1CF0,assembler,1B94,97CC,7C38,normal
1CF7,assembler,1D9B,99D3,7C38,normal
1D00,assembler,2356,9F8E,7C38,normal
1D09,assembler,2300,9F38,7C38,normal
1D0E,assembler,1C03,983B,7C38,normal
1D2D,assembler,1CDD,9915,7C38,normal
1D35,assembler,1DDD,9A15,7C38,normal
1D3B,assembler,1DDD,9A15,7C38,normal
1D47,assembler,1D90,99C8,7C38,normal
1D4C,assembler,1D19,9951,7C38,normal
1D75,assembler,1D5F,9997,7C38,normal
1DC5,assembler,1D44,997C,7C38,normal
1DC9,assembler,1D44,997C,7C38,normal
1E03,assembler,22E2,9F1A,7C38,normal
1E0A,assembler,1E6C,9AA4,7C38,normal
1E0D,assembler,1A45,967D,7C38,normal
1E10,assembler,1EE1,9B19,7C38,normal
1E13,assembler,01B4,7DEC,7C38,normal
1E18,assembler,1E6C,9AA4,7C38,normal
1E26,assembler,1DF1,9A29,7C38,normal
1E2D,assembler,22F4,9F2C,7C38,normal
1E40,assembler,2984,A5BC,7C38,normal
1E50,assembler,1915,954D,7C38,normal
1E5D,assembler,1915,954D,7C38,normal
1E6D,assembler,2D40,A978,7C38,normal
1E70,assembler,27EE,A426,7C38,normal
1E7A,assembler,2B49,A781,7C38,normal
1E7F,assembler,205F,9C97,7C38,normal
1E9C,assembler,1EC3,9AFB,7C38,normal
1EA5,assembler,24CF,A107,7C38,normal
1EAD,assembler,2472,A0AA,7C38,normal
1EB0,assembler,2C64,A89C,7C38,normal
1EB6,assembler,2485,A0BD,7C38,normal
1EB9,assembler,2C6F,A8A7,7C38,normal
1EC0,assembler,24AD,A0E5,7C38,normal
1EE8,assembler,29A9,A5E1,7C38,normal
1EF3,assembler,1EF9,9B31,7C38,normal
1EF6,assembler,1A45,967D,7C38,normal
1EFE,assembler,22DA,9F12,7C38,normal
1F01,assembler,1EE1,9B19,7C38,normal
1F07,assembler,2879,A4B1,7C38,normal
1F0D,assembler,1EE3,9B1B,7C38,normal
1F16,assembler,2521,A159,7C38,normal
1F1B,assembler,2C34,A86C,7C38,normal
1F1E,assembler,2CE5,A91D,7C38,normal
1F24,assembler,2521,A159,7C38,normal
1F27,assembler,2D3F,A977,7C38,normal
1F2F,assembler,2DE1,AA19,7C38,normal
1F32,assembler,24AC,A0E4,7C38,normal
1F35,assembler,27FE,A436,7C38,normal
1F38,assembler,1A40,9678,7C38,normal
1F3B,assembler,2879,A4B1,7C38,normal
1F41,assembler,2C34,A86C,7C38,normal
1F46,assembler,1F3F,9B77,7C38,normal
1F53,assembler,24AD,A0E5,7C38,normal
1F56,assembler,2D3F,A977,7C38,normal
1F5D,assembler,2521,A159,7C38,normal
1F61,assembler,2378,9FB0,7C38,normal
1F66,assembler,205F,9C97,7C38,normal
1F6F,assembler,1E7E,9AB6,7C38,normal
1F74,assembler,2C34,A86C,7C38,normal
1F7F,assembler,1EB5,9AED,7C38,normal
1F8A,assembler,1EB5,9AED,7C38,normal
1F92,assembler,1E94,9ACC,7C38,normal
1F9E,assembler,2835,A46D,7C38,normal
1FA3,assembler,24AD,A0E5,7C38,normal
1FA6,assembler,2488,A0C0,7C38,normal
1FAB,assembler,1EA1,9AD9,7C38,normal
1FB8,assembler,1EAC,9AE4,7C38,normal
1FC3,assembler,1EAC,9AE4,7C38,normal
1FCB,assembler,1E94,9ACC,7C38,normal
1FD7,assembler,2835,A46D,7C38,normal
1FDC,assembler,24AD,A0E5,7C38,normal
1FDF,assembler,2475,A0AD,7C38,normal
1FE4,assembler,1EA1,9AD9,7C38,normal
1FF4,assembler,24AD,A0E5,7C38,normal
1FF7,assembler,145A,9092,7C38,normal
1FFA,assembler,2C64,A89C,7C38,normal
1FFF,assembler,2475,A0AD,7C38,normal
2002,assembler,24AD,A0E5,7C38,normal
200B,assembler,232B,9F63,7C38,normal
200E,assembler,2328,9F60,7C38,normal
2011,assembler,24AD,A0E5,7C38,normal
2014,assembler,232B,9F63,7C38,normal
2019,assembler,207B,9CB3,7C38,normal
2024,assembler,2521,A159,7C38,normal
2027,assembler,2D3F,A977,7C38,normal
202A,assembler,27EE,A426,7C38,normal
2035,assembler,1F0F,9B47,7C38,normal
2038,assembler,2079,9CB1,7C38,normal
203E,assembler,1209,8E41,7C38,normal
2048,assembler,2127,9D5F,7C38,normal
204B,assembler,2485,A0BD,7C38,normal
204F,assembler,2BAF,A7E7,7C38,normal
2052,assembler,2D61,A999,7C38,normal
2058,assembler,2CAC,A8E4,7C38,normal
205C,assembler,24AD,A0E5,7C38,normal
2064,assembler,2472,A0AA,7C38,normal
2067,assembler,24AD,A0E5,7C38,normal
206D,assembler,2BCA,A802,7C38,normal
2072,assembler,1F3F,9B77,7C38,normal
2076,assembler,205F,9C97,7C38,normal
2079,assembler,1F0F,9B47,7C38,normal
207C,assembler,2D40,A978,7C38,normal
20B9,assembler,28AE,A4E6,7C38,normal
20C8,assembler,2D3F,A977,7C38,normal
20E6,assembler,2521,A159,7C38,normal
210B,assembler,2D64,A99C,7C38,normal
211A,assembler,27ED,A425,7C38,normal
211D,assembler,2BA2,A7DA,7C38,normal
2125,assembler,222F,9E67,7C38,normal
212E,assembler,27AF,A3E7,7C38,normal
2131,assembler,27F5,A42D,7C38,normal
2134,assembler,2D39,A971,7C38,normal
2139,assembler,27AF,A3E7,7C38,normal
213C,assembler,27F5,A42D,7C38,normal
213F,assembler,2D25,A95D,7C38,normal
2144,assembler,27B3,A3EB,7C38,normal
214A,assembler,2D38,A970,7C38,normal
214D,assembler,2D11,A949,7C38,normal
2152,assembler,27B7,A3EF,7C38,normal
2155,assembler,25CB,A203,7C38,normal
2158,assembler,2D39,A971,7C38,normal
2160,assembler,275F,A397,7C38,normal
2163,assembler,2785,A3BD,7C38,normal
2166,assembler,2799,A3D1,7C38,normal
216A,assembler,2767,A39F,7C38,normal
216D,assembler,22BD,9EF5,7C38,normal
2170,assembler,21D9,9E11,7C38,normal
2179,assembler,2241,9E79,7C38,normal
217C,assembler,2D25,A95D,7C38,normal
2180,assembler,275F,A397,7C38,normal
2188,assembler,21D9,9E11,7C38,normal
2194,assembler,22C1,9EF9,7C38,normal
2198,assembler,22C1,9EF9,7C38,normal
21B0,assembler,2720,A358,7C38,normal
21B3,assembler,21CB,9E03,7C38,normal
21B6,assembler,2D11,A949,7C38,normal
21B9,assembler,2720,A358,7C38,normal
21BC,assembler,21C3,9DFB,7C38,normal
21C0,assembler,2201,9E39,7C38,normal
21C5,assembler,2703,A33B,7C38,normal
21CD,assembler,2703,A33B,7C38,normal
21DC,assembler,30E1,AD19,7C38,normal
21EA,assembler,22D8,9F10,7C38,normal
220A,assembler,2526,A15E,7C38,normal
220D,assembler,21CB,9E03,7C38,normal
2212,assembler,2D25,A95D,7C38,normal
2215,assembler,25E0,A218,7C38,normal
2218,assembler,21C3,9DFB,7C38,normal
2228,assembler,2D11,A949,7C38,normal
222D,assembler,25E0,A218,7C38,normal
223E,assembler,2D61,A999,7C38,normal
2248,assembler,2526,A15E,7C38,normal
224C,assembler,2D24,A95C,7C38,normal
2256,assembler,2D11,A949,7C38,normal
2276,assembler,2D25,A95D,7C38,normal
227B,assembler,25E0,A218,7C38,normal
228B,assembler,2D25,A95D,7C38,normal
228E,assembler,22CD,9F05,7C38,normal
2291,assembler,2BA2,A7DA,7C38,normal
2296,assembler,2BA2,A7DA,7C38,normal
229B,assembler,2BA2,A7DA,7C38,normal
22A4,assembler,22CD,9F05,7C38,normal
22AB,assembler,2A5A,A692,7C38,normal
22B2,assembler,1B86,97BE,7C38,normal
22DC,assembler,2953,A58B,7C38,normal
22E0,assembler,2C34,A86C,7C38,normal
22E3,assembler,251B,A153,7C38,normal
22E6,assembler,24AD,A0E5,7C38,normal
22E9,assembler,2C6F,A8A7,7C38,normal
22EC,assembler,2475,A0AD,7C38,normal
22EF,assembler,24AD,A0E5,7C38,normal
22F2,assembler,1F2E,9B66,7C38,normal
22F8,assembler,2835,A46D,7C38,normal
2300,assembler,2321,9F59,7C38,normal
2303,assembler,2317,9F4F,7C38,normal
2306,assembler,2321,9F59,7C38,normal
2309,assembler,2300,9F38,7C38,normal
230D,assembler,2DE1,AA19,7C38,normal
2319,assembler,29A7,A5DF,7C38,normal
2328,assembler,3E68,BAA0,7C38,normal
232B,assembler,3E68,BAA0,7C38,normal
2339,assembler,2327,9F5F,7C38,normal
2354,assembler,234C,9F84,7C38,normal
2357,assembler,2A17,A64F,7C38,normal
2376,assembler,2CE5,A91D,7C38,normal
237D,assembler,2521,A159,7C38,normal
23A2,assembler,2517,A14F,7C38,normal
23A8,assembler,2353,9F8B,7C38,normal
23AE,assembler,2514,A14C,7C38,normal
23BB,assembler,255C,A194,7C38,normal
23C3,assembler,1F3F,9B77,7C38,normal
23D6,assembler,2EB6,AAEE,7C38,normal
23D9,assembler,2509,A141,7C38,normal
23DE,assembler,2514,A14C,7C38,normal
23F1,assembler,23FA,A032,7C38,normal
2401,assembler,2FF4,AC2C,7C38,normal
2404,assembler,2509,A141,7C38,normal
2412,assembler,1F3F,9B77,7C38,normal
2460,assembler,2356,9F8E,7C38,normal
2464,assembler,2406,A03E,7C38,normal
2473,assembler,24AD,A0E5,7C38,normal
2486,assembler,24AD,A0E5,7C38,normal
24AA,assembler,1DFC,9A34,7C38,normal
24AD,assembler,3E68,BAA0,7C38,normal
24B2,assembler,2475,A0AD,7C38,normal
24BC,assembler,2830,A468,7C38,normal
24C1,assembler,24CF,A107,7C38,normal
24C5,assembler,2488,A0C0,7C38,normal
24D2,assembler,2375,9FAD,7C38,normal
24D7,assembler,2335,9F6D,7C38,normal
24DC,assembler,2CED,A925,7C38,normal
24E1,assembler,2984,A5BC,7C38,normal
24E4,assembler,2505,A13D,7C38,normal
24E7,assembler,2CE5,A91D,7C38,normal
24FE,assembler,296E,A5A6,7C38,normal
2505,assembler,2984,A5BC,7C38,normal
2515,assembler,2408,A040,7C38,normal
251F,assembler,2D07,A93F,7C38,normal
2529,assembler,2D3F,A977,7C38,normal
252C,assembler,27EE,A426,7C38,normal
2536,assembler,2D62,A99A,7C38,normal
2542,assembler,22D8,9F10,7C38,normal
2547,assembler,2D64,A99C,7C38,normal
254B,assembler,2A55,A68D,7C38,normal
254F,assembler,2D66,A99E,7C38,normal
256F,assembler,25B4,A1EC,7C38,normal
2572,assembler,3796,B3CE,7C38,normal
25BB,assembler,2703,A33B,7C38,normal
25C3,assembler,2703,A33B,7C38,normal
25CC,assembler,2D11,A949,7C38,normal
25EC,assembler,26D2,A30A,7C38,normal
25EF,assembler,22C9,9F01,7C38,normal
25FA,assembler,2BA2,A7DA,7C38,normal
25FD,assembler,26D2,A30A,7C38,normal
2606,assembler,26CF,A307,7C38,normal
260E,assembler,296E,A5A6,7C38,normal
2619,assembler,2A55,A68D,7C38,normal
262B,assembler,2D07,A93F,7C38,normal
2635,assembler,26D2,A30A,7C38,normal
263B,assembler,2659,A291,7C38,normal
2652,assembler,22C9,9F01,7C38,normal
2655,assembler,26CF,A307,7C38,normal
2660,assembler,2966,A59E,7C38,normal
2673,assembler,26CF,A307,7C38,normal
2676,assembler,22C9,9F01,7C38,normal
267C,assembler,26E0,A318,7C38,normal
2687,assembler,22C5,9EFD,7C38,normal
268F,assembler,22C5,9EFD,7C38,normal
269A,assembler,26CF,A307,7C38,normal
26A3,assembler,26BA,A2F2,7C38,normal
26AA,assembler,26BA,A2F2,7C38,normal
26B2,assembler,26BA,A2F2,7C38,normal
26B6,assembler,22D4,9F0C,7C38,normal
26BB,assembler,26CF,A307,7C38,normal
26BF,assembler,22D4,9F0C,7C38,normal
26D0,assembler,2BA2,A7DA,7C38,normal
2719,assembler,2201,9E39,7C38,normal
2722,assembler,275F,A397,7C38,normal
272E,assembler,278F,A3C7,7C38,normal
2731,assembler,2799,A3D1,7C38,normal
2735,assembler,2767,A39F,7C38,normal
2785,assembler,2EB6,AAEE,7C38,normal
278F,assembler,2FF4,AC2C,7C38,normal
27BA,assembler,27EE,A426,7C38,normal
27DC,assembler,27ED,A425,7C38,normal
27EB,assembler,22C9,9F01,7C38,normal
27F6,assembler,27EE,A426,7C38,normal
27FF,assembler,2FAF,ABE7,7C38,normal
2802,assembler,2991,A5C9,7C38,normal
2808,assembler,2835,A46D,7C38,normal
280B,assembler,2D3E,A976,7C38,normal
280F,assembler,29C8,A600,7C38,normal
2814,assembler,20ED,9D25,7C38,normal
281D,assembler,298A,A5C2,7C38,normal
2822,assembler,207C,9CB4,7C38,normal
2826,assembler,28AE,A4E6,7C38,normal
282B,assembler,29A9,A5E1,7C38,normal
2836,assembler,29C8,A600,7C38,normal
284A,assembler,2879,A4B1,7C38,normal
284E,assembler,296E,A5A6,7C38,normal
2859,assembler,2855,A48D,7C38,normal
2867,assembler,28EE,A526,7C38,normal
2871,assembler,28E8,A520,7C38,normal
2877,assembler,2855,A48D,7C38,normal
287A,assembler,28EE,A526,7C38,normal
2883,assembler,28C5,A4FD,7C38,normal
289D,assembler,2966,A59E,7C38,normal
28A6,assembler,296E,A5A6,7C38,normal
28B4,assembler,296E,A5A6,7C38,normal
28C9,assembler,28C7,A4FF,7C38,normal
28CD,assembler,2854,A48C,7C38,normal
28D1,assembler,294F,A587,7C38,normal
28DE,assembler,2861,A499,7C38,normal
28E9,assembler,28C7,A4FF,7C38,normal
290A,assembler,2D3F,A977,7C38,normal
2918,assembler,296E,A5A6,7C38,normal
2921,assembler,2926,A55E,7C38,normal
2986,assembler,29BF,A5F7,7C38,normal
299D,assembler,29A7,A5DF,7C38,normal
29AB,assembler,29BF,A5F7,7C38,normal
29E6,assembler,29C8,A600,7C38,normal
29EB,assembler,2D08,A940,7C38,normal
29F0,assembler,27EE,A426,7C38,normal
29F3,assembler,2966,A59E,7C38,normal
29FE,assembler,296E,A5A6,7C38,normal
2A0C,assembler,22C9,9F01,7C38,normal
2A10,assembler,2D07,A93F,7C38,normal
2A17,assembler,3E76,BAAE,7C38,normal
2A23,assembler,2A37,A66F,7C38,normal
2A28,assembler,2A63,A69B,7C38,normal
2A3B,assembler,2D07,A93F,7C38,normal
2A56,assembler,29EA,A622,7C38,normal
2A5A,assembler,3E78,BAB0,7C38,normal
2A60,assembler,22A8,9EE0,7C38,normal
2A6F,assembler,2B2C,A764,7C38,normal
2A72,assembler,2A5A,A692,7C38,normal
2A75,assembler,2BB8,A7F0,7C38,normal
2A78,assembler,2A17,A64F,7C38,normal
2A7E,assembler,2A37,A66F,7C38,normal
2A8A,assembler,2D08,A940,7C38,normal
2AB3,assembler,2A5A,A692,7C38,normal
2ABC,assembler,2D07,A93F,7C38,normal
2AC9,assembler,2B2C,A764,7C38,normal
2ACD,assembler,2A5A,A692,7C38,normal
2AD0,assembler,2BC0,A7F8,7C38,normal
2AD4,assembler,2D06,A93E,7C38,normal
2ADA,assembler,2B2C,A764,7C38,normal
2ADD,assembler,2A17,A64F,7C38,normal
2AE0,assembler,2BBD,A7F5,7C38,normal
2AE8,assembler,2A37,A66F,7C38,normal
2AF1,assembler,2A37,A66F,7C38,normal
2AF7,assembler,2A17,A64F,7C38,normal
2AFD,assembler,181B,9453,7C38,normal
2B08,assembler,2BC0,A7F8,7C38,normal
2B1A,assembler,2A17,A64F,7C38,normal
2B23,assembler,2A5A,A692,7C38,normal
2B46,assembler,2D07,A93F,7C38,normal
2B57,assembler,2B81,A7B9,7C38,normal
2B5C,assembler,2B81,A7B9,7C38,normal
2B62,assembler,2B81,A7B9,7C38,normal
2B6A,assembler,2B81,A7B9,7C38,normal
2B70,assembler,2B81,A7B9,7C38,normal
2B76,assembler,2B81,A7B9,7C38,normal
2B7B,assembler,2B81,A7B9,7C38,normal
2B9B,assembler,2BA3,A7DB,7C38,normal
2BAF,assembler,3E7E,BAB6,7C38,normal
2BCC,assembler,2C1F,A857,7C38,normal
2BD0,assembler,2488,A0C0,7C38,normal
2BE4,assembler,2A5A,A692,7C38,normal
2BEF,assembler,2B2C,A764,7C38,normal
2BFD,assembler,2328,9F60,7C38,normal
2C00,assembler,2C1A,A852,7C38,normal
2C03,assembler,232B,9F63,7C38,normal
2C06,assembler,2C1A,A852,7C38,normal
2C09,assembler,2A5A,A692,7C38,normal
2C0C,assembler,2C11,A849,7C38,normal
2C0F,assembler,2A17,A64F,7C38,normal
2C2A,assembler,205F,9C97,7C38,normal
2C2D,assembler,18F6,952E,7C38,normal
2C30,assembler,1A11,9649,7C38,normal
2C35,assembler,22F4,9F2C,7C38,normal
2C3A,assembler,29C8,A600,7C38,normal
2C3D,assembler,205F,9C97,7C38,normal
2C47,assembler,2984,A5BC,7C38,normal
2C4A,assembler,2A5A,A692,7C38,normal
2C4D,assembler,2C52,A88A,7C38,normal
2C50,assembler,1B86,97BE,7C38,normal
2C53,assembler,297D,A5B5,7C38,normal
2C56,assembler,2B42,A77A,7C38,normal
2C59,assembler,2D07,A93F,7C38,normal
2C5F,assembler,2981,A5B9,7C38,normal
2C67,assembler,3E68,BAA0,7C38,normal
2C77,assembler,2A17,A64F,7C38,normal
2C80,assembler,2327,9F5F,7C38,normal
2C86,assembler,24AD,A0E5,7C38,normal
2C97,assembler,2488,A0C0,7C38,normal
2C9F,assembler,2BAF,A7E7,7C38,normal
2CB1,assembler,22A8,9EE0,7C38,normal
2CB7,assembler,2A5A,A692,7C38,normal
2CC4,assembler,2B2C,A764,7C38,normal
2CC8,assembler,2A5A,A692,7C38,normal
2CCB,assembler,2BC0,A7F8,7C38,normal
2CCE,assembler,2A17,A64F,7C38,normal
2CD1,assembler,2BC0,A7F8,7C38,normal
2CD4,assembler,2328,9F60,7C38,normal
2CD7,assembler,2BA9,A7E1,7C38,normal
2CDA,assembler,232B,9F63,7C38,normal
2CDD,assembler,2BA9,A7E1,7C38,normal
